<favourites>
	<favourite name="MULTIDEPORTE" thumb="special://home/userdata\imagenes super favoritos\descarga (17).png">PlayMedia(&quot;plugin://plugin.video.vavooto/?name=MULTIDEPORTE&amp;sf_options=winID%3D10025%26fanart%3Dspecial%3A%2F%2Fhome%2Fuserdata%5Cimagenes+super+favoritos%5Cfondo.jpg%26_options_sf&quot;)</favourite>
	<favourite name="#VAMOS" thumb="special://home/userdata\imagenes super favoritos\descarga (5).png">PlayMedia(&quot;plugin://plugin.video.vavooto/?name=VAMOS&amp;sf_options=winID%3D10025%26_options_sf&quot;)</favourite>
	<favourite name="Bein Sports Ñ" thumb="special://home/userdata\imagenes super favoritos\descarga (2).png">PlayMedia(&quot;plugin://plugin.video.vavooto/?name=BEIN+SPORTS+XTRA+EN+ESPANOL&amp;sf_options=winID%3D10025%26fanart%3Dspecial%3A%2F%2Fhome%2Fuserdata%5Cimagenes+super+favoritos%5C2016073019440386714.jpg%26_options_sf&quot;)</favourite>
	<favourite name="M+ DEPORTES" thumb="special://home/userdata\imagenes super favoritos\descarga (4).png">PlayMedia(&quot;plugin://plugin.video.vavooto/?name=MOVISTAR+DEPORTE&amp;sf_options=winID%3D10025%26_options_sf&quot;)</favourite>
	<favourite name="CANAL DEPORTES 2" thumb="special://home/userdata\imagenes super favoritos\descarga (4).png">PlayMedia(&quot;plugin://plugin.video.vavooto/?name=CANAL+DEPORTES+2&amp;sf_options=winID%3D10025%26fanart%3Dspecial%3A%2F%2Fhome%2Fuserdata%5Cimagenes+super+favoritos%5Cfondo.jpg%26_options_sf&quot;)</favourite>
	<favourite name="GOLF" thumb="special://home/userdata\imagenes super favoritos\descarga (6).png">PlayMedia(&quot;plugin://plugin.video.vavooto/?name=CANAL+GOLF&amp;sf_options=winID%3D10025%26fanart%3Dspecial%3A%2F%2Fhome%2Fuserdata%5Cimagenes+super+favoritos%5CHD-wallpaper-close-up-of-golf-ball.jpg%26_options_sf&quot;)</favourite>
	<favourite name="EUROSPORT" thumb="special://home/userdata\imagenes super favoritos\descarga (13).png">PlayMedia(&quot;plugin://plugin.video.vavooto/?name=EUROSPORT+1&amp;sf_options=winID%3D10025%26fanart%3Dspecial%3A%2F%2Fhome%2Fuserdata%5Cimagenes+super+favoritos%5Cfondo.jpg%26_options_sf&quot;)</favourite>
	<favourite name="EUROSPORT 2" thumb="special://home/userdata\imagenes super favoritos\descarga (14).png">PlayMedia(&quot;plugin://plugin.video.vavooto/?name=EUROSPORT+2&amp;sf_options=winID%3D10025%26_options_sf&quot;)</favourite>
</favourites>