<favourites>
	<favourite name="#0" thumb="special://home/userdata\imagenes super favoritos\descarga.png">PlayMedia(&quot;plugin://plugin.video.vavooto/?name=0&amp;sf_options=winID%3D10025%26fanart%3Dspecial%3A%2F%2Fhome%2Fuserdata%5Cimagenes+super+favoritos%5C1366_2000.jpg%26_options_sf&quot;)</favourite>
	<favourite name="A&amp;E" thumb="special://home/userdata\imagenes super favoritos\512x512bb.jpg">PlayMedia(&quot;plugin://plugin.video.vavooto/?name=A%26E&amp;sf_options=winID%3D10025%26fanart%3Dspecial%3A%2F%2Fhome%2Fuserdata%5Cimagenes+super+favoritos%5C1366_2000.jpg%26_options_sf&quot;)</favourite>
	<favourite name="AMC" thumb="special://home/userdata\imagenes super favoritos\descarga (1).png">PlayMedia(&quot;plugin://plugin.video.vavooto/?name=AMC&amp;sf_options=winID%3D10025%26fanart%3Dspecial%3A%2F%2Fhome%2Fuserdata%5Cimagenes+super+favoritos%5C1366_2000.jpg%26_options_sf&quot;)</favourite>
	<favourite name="AMC CRIME" thumb="special://home/userdata\imagenes super favoritos\picon_amc_crime_blanco_transparente_vo.webp">PlayMedia(&quot;plugin://plugin.video.vavooto/?name=AMC+CRIME&amp;sf_options=winID%3D10025%26fanart%3Dspecial%3A%2F%2Fhome%2Fuserdata%5Cimagenes+super+favoritos%5C1366_2000.jpg%26_options_sf&quot;)</favourite>
	<favourite name="AXN" thumb="special://home/userdata\imagenes super favoritos\49583_abba071f13-t.webp">PlayMedia(&quot;plugin://plugin.video.vavooto/?name=AXN&amp;sf_options=winID%3D10025%26fanart%3Dspecial%3A%2F%2Fhome%2Fuserdata%5Cimagenes+super+favoritos%5C1366_2000.jpg%26_options_sf&quot;)</favourite>
	<favourite name="BREAK" thumb="special://home/userdata\imagenes super favoritos\picon_amc_break_amarillo_transparente.webp">PlayMedia(&quot;plugin://plugin.video.vavooto/?name=BLAZE&amp;sf_options=winID%3D10025%26fanart%3Dspecial%3A%2F%2Fhome%2Fuserdata%5Cimagenes+super+favoritos%5C1366_2000.jpg%26_options_sf&quot;)</favourite>
	<favourite name="CALLE 13" thumb="special://home/userdata\imagenes super favoritos\Calle13_logo.svg.png">PlayMedia(&quot;plugin://plugin.video.vavooto/?name=CALLE+13&amp;sf_options=winID%3D10025%26fanart%3Dspecial%3A%2F%2Fhome%2Fuserdata%5Cimagenes+super+favoritos%5C1366_2000.jpg%26_options_sf&quot;)</favourite>
	<favourite name="CANAL COCINA" thumb="special://home/userdata\imagenes super favoritos\canal_cocina.png">PlayMedia(&quot;plugin://plugin.video.vavooto/?name=CANAL+COCINA&amp;sf_options=winID%3D10025%26_options_sf&quot;)</favourite>
	<favourite name="CINE Ñ" thumb="special://home/userdata\imagenes super favoritos\descarga (23).png">PlayMedia(&quot;plugin://plugin.video.vavooto/?name=CANAL+DCINE&amp;sf_options=winID%3D10025%26_options_sf&quot;)</favourite>
	<favourite name="DECASA" thumb="special://home/userdata\imagenes super favoritos\descarga (18).png">PlayMedia(&quot;plugin://plugin.video.vavooto/?name=CANAL+DECASA&amp;sf_options=winID%3D10025%26_options_sf&quot;)</favourite>
	<favourite name="FEST" thumb="special://home/userdata\imagenes super favoritos\descarga (19).png">PlayMedia(&quot;plugin://plugin.video.vavooto/?name=CANAL+FUTBOL&amp;sf_options=winID%3D10025%26_options_sf&quot;)</favourite>
	<favourite name="ODISEA" thumb="special://home/userdata\imagenes super favoritos\Odisea-2016.webp">PlayMedia(&quot;plugin://plugin.video.vavooto/?name=CANAL+ODISEA&amp;sf_options=winID%3D10025%26_options_sf&quot;)</favourite>
	<favourite name="SERIES" thumb="special://home/userdata\imagenes super favoritos\descarga (22).png">PlayMedia(&quot;plugin://plugin.video.vavooto/?name=CANAL+SERIES+XTRA&amp;sf_options=winID%3D10025%26_options_sf&quot;)</favourite>
	<favourite name="SERIES 2" thumb="special://home/userdata\imagenes super favoritos\descarga (21).png">PlayMedia(&quot;plugin://plugin.video.vavooto/?name=CANAL+SERIES&amp;sf_options=winID%3D10025%26_options_sf&quot;)</favourite>
	<favourite name="DARK" thumb="special://home/userdata\imagenes super favoritos\DarkEnOrange.jpg">PlayMedia(&quot;plugin://plugin.video.vavooto/?name=DARK&amp;sf_options=winID%3D10025%26_options_sf&quot;)</favourite>
	<favourite name="DISCOVERY" thumb="special://home/userdata\imagenes super favoritos\descarga (25).png">PlayMedia(&quot;plugin://plugin.video.vavooto/?name=DISCOVERY&amp;sf_options=winID%3D10025%26_options_sf&quot;)</favourite>
	<favourite name="DISNEY CHANNEL" thumb="special://home/userdata\imagenes super favoritos\2019_Disney_Channel_logo.svg.png">PlayMedia(&quot;plugin://plugin.video.vavooto/?name=DISNEY+CHANNEL&amp;sf_options=winID%3D10025%26_options_sf&quot;)</favourite>
	<favourite name="HISTORIA" thumb="special://home/userdata\imagenes super favoritos\Nuevo-logo-Canal-HISTORIA.png">PlayMedia(&quot;plugin://plugin.video.vavooto/?name=HISTORIA&amp;sf_options=winID%3D10025%26_options_sf&quot;)</favourite>
	<favourite name="HOLLYWOOD" thumb="special://home/userdata\imagenes super favoritos\descarga (20).png">PlayMedia(&quot;plugin://plugin.video.vavooto/?name=HOLLYWOOD&amp;sf_options=winID%3D10025%26_options_sf&quot;)</favourite>
	<favourite name="M+ COMEDIA" thumb="special://home/userdata\imagenes super favoritos\Comedia_por_Movistar_Plus+_2022_logo.svg.png">PlayMedia(&quot;plugin://plugin.video.vavooto/?name=M+COMEDIA&amp;sf_options=winID%3D10025%26_options_sf&quot;)</favourite>
	<favourite name="M+ ACCION" thumb="special://home/userdata\imagenes super favoritos\Acción_por_Movistar_Plus+_2022_logo.svg.png">PlayMedia(&quot;plugin://plugin.video.vavooto/?name=MOVISTAR+ACCION&amp;sf_options=winID%3D10025%26_options_sf&quot;)</favourite>
	<favourite name="M+ ESTRENOS" thumb="special://home/userdata\imagenes super favoritos\Estrenos_por_Movistar_Plus+_2022_logo.svg.png">PlayMedia(&quot;plugin://plugin.video.vavooto/?name=MOVISTAR+ESTRENOS&amp;sf_options=winID%3D10025%26_options_sf&quot;)</favourite>
	<favourite name="M+ ESTRENOS 2" thumb="special://home/userdata\imagenes super favoritos\Estrenos_2_por_Movistar_Plus+_2022_logo.svg.png">PlayMedia(&quot;plugin://plugin.video.vavooto/?name=MOVISTAR+CINEDOC%26ROLL&amp;sf_options=winID%3D10025%26_options_sf&quot;)</favourite>
	<favourite name="M+ CLASICOS" thumb="special://home/userdata\imagenes super favoritos\Clásicos_por_Movistar_Plus+_2022_logo.svg.png">PlayMedia(&quot;plugin://plugin.video.vavooto/?name=MOVISTAR+XTRA&amp;sf_options=winID%3D10025%26_options_sf&quot;)</favourite>
	<favourite name="MTV" thumb="special://home/userdata\imagenes super favoritos\MTV-logo.png">PlayMedia(&quot;plugin://plugin.video.vavooto/?name=MTV+ESPANA&amp;sf_options=winID%3D10025%26_options_sf&quot;)</favourite>
	<favourite name="NAT GEO WILD" thumb="special://home/userdata\imagenes super favoritos\4e31faa5e02eda1e90b7b916979df48e.jpg">PlayMedia(&quot;plugin://plugin.video.vavooto/?name=NAT+GEO+WILD&amp;sf_options=winID%3D10025%26_options_sf&quot;)</favourite>
	<favourite name="NATIONAL GEOGRAPHIC" thumb="special://home/userdata\imagenes super favoritos\NGlogo2.png">PlayMedia(&quot;plugin://plugin.video.vavooto/?name=NATIONAL+GEOGRAPHIC&amp;sf_options=winID%3D10025%26_options_sf&quot;)</favourite>
	<favourite name="SYFY" thumb="special://home/userdata\imagenes super favoritos\kisspng-sci-fi-channel-logo-television-show-syfy-universal-5b178b6f8fce57.193613121528269679589.jpg">PlayMedia(&quot;plugin://plugin.video.vavooto/?name=SYFY&amp;sf_options=winID%3D10025%26_options_sf&quot;)</favourite>
	<favourite name="TCM" thumb="special://home/userdata\imagenes super favoritos\tcm_logo_antes.jpg">PlayMedia(&quot;plugin://plugin.video.vavooto/?name=TCM&amp;sf_options=winID%3D10025%26_options_sf&quot;)</favourite>
	<favourite name="TNT" thumb="special://home/userdata\imagenes super favoritos\9dd46e4c0ef4576ba518435391cfa37d95bc7cc6_1599068160.png">PlayMedia(&quot;plugin://plugin.video.vavooto/?name=WARNER&amp;sf_options=winID%3D10025%26_options_sf&quot;)</favourite>
	<favourite name="XTRM" thumb="special://home/userdata\imagenes super favoritos\descarga (24).png">PlayMedia(&quot;plugin://plugin.video.vavooto/?name=XTRM&amp;sf_options=winID%3D10025%26_options_sf&quot;)</favourite>
	<favourite name="TAQUILLA 1" thumb="special://home/userdata\imagenes super favoritos\unnamed.png">PlayMedia(&quot;plugin://plugin.video.vavooto/?name=TAQUILLA+1&amp;sf_options=winID%3D10025%26_options_sf&quot;)</favourite>
	<favourite name="TAQUILLA 2" thumb="special://home/userdata\imagenes super favoritos\unnamed.png">PlayMedia(&quot;plugin://plugin.video.vavooto/?name=TAQUILLA+2&amp;sf_options=winID%3D10025%26_options_sf&quot;)</favourite>
	<favourite name="TAQUILLA 3" thumb="special://home/userdata\imagenes super favoritos\unnamed.png">PlayMedia(&quot;plugin://plugin.video.vavooto/?name=TAQUILLA+3&amp;sf_options=winID%3D10025%26_options_sf&quot;)</favourite>
	<favourite name="TAQUILLA 4" thumb="special://home/userdata\imagenes super favoritos\unnamed.png">PlayMedia(&quot;plugin://plugin.video.vavooto/?name=TAQUILLA+4&amp;sf_options=winID%3D10025%26_options_sf&quot;)</favourite>
	<favourite name="TAQUILLA 5" thumb="special://home/userdata\imagenes super favoritos\unnamed.png">PlayMedia(&quot;plugin://plugin.video.vavooto/?name=TAQUILLA+5&amp;sf_options=winID%3D10025%26_options_sf&quot;)</favourite>
	<favourite name="TAQUILLA 6" thumb="special://home/userdata\imagenes super favoritos\unnamed.png">PlayMedia(&quot;plugin://plugin.video.vavooto/?name=TAQUILLA+6&amp;sf_options=winID%3D10025%26_options_sf&quot;)</favourite>
	<favourite name="TAQUILLA 7" thumb="special://home/userdata\imagenes super favoritos\unnamed.png">PlayMedia(&quot;plugin://plugin.video.vavooto/?name=TAQUILLA+7&amp;sf_options=winID%3D10025%26_options_sf&quot;)</favourite>
</favourites>