<favourites>
	<favourite name="LaLiga Agenda" thumb="special://home/userdata\imagenes super favoritos\LaLigaTV_por_Movistar_Plus+_2022_logo.svg.png">PlayMedia(&quot;plugin://plugin.video.vavooto/?name=BEIN+LALIGA+1+BACKUP&amp;sf_options=winID%3D10025%26fanart%3Dspecial%3A%2F%2Fhome%2Fuserdata%5Cimagenes+super+favoritos%5C2016073019440386714.jpg%26_options_sf&quot;)</favourite>
	<favourite name="LaLiga" thumb="special://home/userdata\imagenes super favoritos\LaLigaTV_por_Movistar_Plus+_2022_logo.svg.png">PlayMedia(&quot;plugin://plugin.video.vavooto/?name=BEIN+LIGA&amp;sf_options=winID%3D10025%26fanart%3Dspecial%3A%2F%2Fhome%2Fuserdata%5Cimagenes+super+favoritos%5C2016073019440386714.jpg%26_options_sf&quot;)</favourite>
	<favourite name="LaLiga" thumb="special://home/userdata\imagenes super favoritos\LaLigaTV_por_Movistar_Plus+_2022_logo.svg.png">PlayMedia(&quot;plugin://plugin.video.vavooto/?name=BEIN+LA+LIGA&amp;sf_options=winID%3D10025%26fanart%3Dspecial%3A%2F%2Fhome%2Fuserdata%5Cimagenes+super+favoritos%5C2016073019440386714.jpg%26_options_sf&quot;)</favourite>
	<favourite name="LaLiga" thumb="special://home/userdata\imagenes super favoritos\LaLigaTV_por_Movistar_Plus+_2022_logo.svg.png">PlayMedia(&quot;plugin://plugin.video.vavooto/?name=BEIN+LALIGA&amp;sf_options=winID%3D10025%26fanart%3Dspecial%3A%2F%2Fhome%2Fuserdata%5Cimagenes+super+favoritos%5C2016073019440386714.jpg%26_options_sf&quot;)</favourite>
	<favourite name="LaLigaTV BAR" thumb="special://home/userdata\imagenes super favoritos\meta-image.jpg">PlayMedia(&quot;plugin://plugin.video.vavooto/?name=LALIGA+123&amp;sf_options=winID%3D10025%26fanart%3Dspecial%3A%2F%2Fhome%2Fuserdata%5Cimagenes+super+favoritos%5C2016073019440386714.jpg%26_options_sf&quot;)</favourite>
	<favourite name="LaLigaTV BAR" thumb="special://home/userdata\imagenes super favoritos\meta-image.jpg">PlayMedia(&quot;plugin://plugin.video.vavooto/?name=LALIGA+TV+BAR&amp;sf_options=winID%3D10025%26fanart%3Dspecial%3A%2F%2Fhome%2Fuserdata%5Cimagenes+super+favoritos%5C2016073019440386714.jpg%26_options_sf&quot;)</favourite>
</favourites>