<favourites>
	<favourite name="Liga de Campeones" thumb="special://home/userdata\imagenes super favoritos\descarga (7).png">PlayMedia(&quot;plugin://plugin.video.vavooto/?name=LIGA+DE+CAMPEONES+2&amp;sf_options=winID%3D10025%26fanart%3Dspecial%3A%2F%2Fhome%2Fuserdata%5Cimagenes+super+favoritos%5Cchampions-league-uefa-soccer-wallpaper-preview.jpg%26_options_sf&quot;)</favourite>
	<favourite name="Liga de Campeones" thumb="special://home/userdata\imagenes super favoritos\descarga (7).png">PlayMedia(&quot;plugin://plugin.video.vavooto/?name=CANAL+LIGA&amp;sf_options=winID%3D10025%26fanart%3Dspecial%3A%2F%2Fhome%2Fuserdata%5Cimagenes+super+favoritos%5Cchampions-league-uefa-soccer-wallpaper-preview.jpg%26_options_sf&quot;)</favourite>
	<favourite name="Liga de Campeones" thumb="special://home/userdata\imagenes super favoritos\descarga (7).png">PlayMedia(&quot;plugin://plugin.video.vavooto/?name=LIGA+DE+CAMPEONES&amp;sf_options=winID%3D10025%26fanart%3Dspecial%3A%2F%2Fhome%2Fuserdata%5Cimagenes+super+favoritos%5Cchampions-league-uefa-soccer-wallpaper-preview.jpg%26_options_sf&quot;)</favourite>
	<favourite name="Liga de Campeones" thumb="special://home/userdata\imagenes super favoritos\descarga (7).png">PlayMedia(&quot;plugin://plugin.video.vavooto/?name=LIGA+DE+CAMPEONES+1&amp;sf_options=winID%3D10025%26fanart%3Dspecial%3A%2F%2Fhome%2Fuserdata%5Cimagenes+super+favoritos%5Cchampions-league-uefa-soccer-wallpaper-preview.jpg%26_options_sf&quot;)</favourite>
	<favourite name="Liga de Campeones" thumb="special://home/userdata\imagenes super favoritos\descarga (7).png">PlayMedia(&quot;plugin://plugin.video.vavooto/?name=MOVISTAR+LIGA+DE+CAMPEONES&amp;sf_options=winID%3D10025%26fanart%3Dspecial%3A%2F%2Fhome%2Fuserdata%5Cimagenes+super+favoritos%5Cchampions-league-uefa-soccer-wallpaper-preview.jpg%26_options_sf&quot;)</favourite>
	<favourite name="LIGA CAMPEONES 2" thumb="special://home/userdata\imagenes super favoritos\descarga (7).png">PlayMedia(&quot;plugin://plugin.video.vavooto/?name=LIGA+CAMPEONES+2&amp;sf_options=winID%3D10025%26fanart%3Dspecial%3A%2F%2Fhome%2Fuserdata%5Cimagenes+super+favoritos%5Cchampions-league-uefa-soccer-wallpaper-preview.jpg%26_options_sf&quot;)</favourite>
</favourites>