<favourites>
	<favourite name="DAZN LaLiga" thumb="special://home/userdata\imagenes super favoritos\descarga (16).png">PlayMedia(&quot;plugin://plugin.video.vavooto/?name=LA+LIGA+BAR&amp;sf_options=winID%3D10025%26fanart%3Dspecial%3A%2F%2Fhome%2Fuserdata%5Cimagenes+super+favoritos%5C2016073019440386714.jpg%26_options_sf&quot;)</favourite>
	<favourite name="DAZN 1" thumb="special://home/userdata\imagenes super favoritos\descarga (8).png">PlayMedia(&quot;plugin://plugin.video.vavooto/?name=DAZN+1&amp;sf_options=winID%3D10025%26fanart%3Dspecial%3A%2F%2Fhome%2Fuserdata%5Cimagenes+super+favoritos%5C2016073019440386714.jpg%26_options_sf&quot;)</favourite>
	<favourite name="DAZN 2" thumb="special://home/userdata\imagenes super favoritos\descarga (9).png">PlayMedia(&quot;plugin://plugin.video.vavooto/?name=DAZN+2&amp;sf_options=winID%3D10025%26fanart%3Dspecial%3A%2F%2Fhome%2Fuserdata%5Cimagenes+super+favoritos%5C2016073019440386714.jpg%26_options_sf&quot;)</favourite>
	<favourite name="DAZN 3" thumb="special://home/userdata\imagenes super favoritos\descarga (10).png">PlayMedia(&quot;plugin://plugin.video.vavooto/?name=DAZN+3&amp;sf_options=winID%3D10025%26fanart%3Dspecial%3A%2F%2Fhome%2Fuserdata%5Cimagenes+super+favoritos%5C2016073019440386714.jpg%26_options_sf&quot;)</favourite>
	<favourite name="DAZN 4" thumb="special://home/userdata\imagenes super favoritos\descarga (11).png">PlayMedia(&quot;plugin://plugin.video.vavooto/?name=DAZN+4&amp;sf_options=winID%3D10025%26fanart%3Dspecial%3A%2F%2Fhome%2Fuserdata%5Cimagenes+super+favoritos%5C2016073019440386714.jpg%26_options_sf&quot;)</favourite>
</favourites>